LOD entries,Base forms,Grammatical category
A1,A,neutral noun
AARBECHT1,Aarbecht,feminine noun
AARBECHTER1,Aarbechter,masculine noun
AARBECHTERIN1,Aarbechterin,feminine noun
AARBECHTSKOLLEEG1,Aarbechtskolleeg,masculine noun
AARBECHTSKOLLEEGIN1,Aarbechtskolleegin,feminine noun
ABRELL1,Abrëll,masculine noun
ADDI2,äddi,interjection
ADMINISTRATIV1,administrativ,adjective
ADRESS1,Adress,feminine noun
AERDBIER1,Äerdbier,feminine/neutral noun
AERDBIER2,Äerdbier,neutral noun
AEROBIC1,Aerobic,masculine noun
AFFEKOT1,Affekot,masculine noun
AFFEKOTIN1,Affekotin,feminine noun
AKAFEN1,akafen,verb
AKAFSLESCHT1,Akafslëscht,feminine noun
AL1,al,adjective
ALL2,all,indefinite pronoun
ALLEN1,allen,indefinite pronoun
ALLES1,alles,indefinite pronoun
ALS1,als,conjunction
ALSO1,also,adverb
ALT2,alt,particle
ALTERSHEEM1,Altersheem,neutral noun
AM1,am,
AMESEIEREN1,ameséieren,verb
AN2,an,conjunction
AN3,an,preposition
ANANAS1,Ananas,masculine/feminine noun
ANER1,aner,indefinite pronoun
ANEREN1,aneren,indefinite pronoun
ANIMATIOUN1,Animatioun,feminine noun
ANNERHALLEF1,annerhallef,adjective
APDIKT1,Apdikt,feminine noun
APDIKTER1,Apdikter,masculine noun
APDIKTESCH1,Apdiktesch,feminine noun
APEL1,Apel,masculine noun
APPELTASCH1,Äppeltäsch,feminine noun
APRIKOS1,Aprikos,feminine noun
ARCHITEKT1,Architekt,masculine noun
ARCHITEKTIN1,Architektin,feminine noun
ATTRAKTIOUN1,Attraktioun,feminine noun
AUBERGINE2,Aubergine,feminine noun
AUER1,Auer,feminine noun
AUGUST1,August,masculine noun
AUS2,aus,preposition
AUSFLUCH1,Ausfluch,masculine noun
AUSLAND1,Ausland,neutral noun
AUSSER1,ausser,conjunction
AUSSER2,ausser,preposition
AUTO1,Auto,masculine noun
AWAR1,Awar,masculine noun
AWER1,awer,adverb
AWER2,awer,conjunction
AWER3,awer,particle
AWUER1,Awuer,masculine noun
AWUNNER1,Awunner,masculine noun
AWUNNERIN1,Awunnerin,feminine noun
BAART1,Baart,masculine noun
BABYSITTER1,Babysitter,masculine noun
BABYSITTERIN1,Babysitterin,feminine noun
BACKER1,Bäcker,masculine noun
BACKEREI1,Bäckerei,feminine noun
BACKESCH1,Bäckesch,feminine noun
BAGUETTE1,Baguette,feminine noun
BAKEN1,baken,verb
BANANN1,Banann,feminine noun
BAND4,Band,feminine noun
BANK1,Bank,feminine noun
BASILIKA1,Basilika,feminine noun
BASKET1,Basket,masculine noun
BASTELEN1,bastelen,verb
BAUCH1,Bauch,masculine noun
BAUER1,Bauer,masculine noun
BAUEREFRA1,Bauerefra,feminine noun
BECHS1,Béchs,feminine noun
BEDECKT1,bedeckt,adjective
BEI2,bei,preposition
BEIM1,beim,
BEIS1,béis,adjective
BEISPILL1,Beispill,neutral noun
BELLEG1,bëlleg,adjective
BENSINN1,Bensinn,masculine noun
BERUFF1,Beruff,masculine noun
BESSEN1,bëssen,indefinite pronoun
BESSERUNG1,Besserung,feminine noun
BESTELLEN1,bestellen,verb
BESTEMMT2,bestëmmt,adverb
BESTOEN1,bestoen,verb
BESTUET1,bestuet,adjective
BETT1,Bett,neutral noun
BEZUELEN1,bezuelen,verb
BIER3,Bier,feminine noun
BIS1,bis,preposition
BIS2,bis,conjunction
BLAISTEFT1,Bläistëft,masculine noun
BLEIWEN1,bleiwen,verb
BLO1,blo,adjective
BLOND1,blond,adjective
BLUMMEBUTTEK1,Blummebuttek,masculine noun
BOER1,boer,adjective
BOMA1,Boma,feminine noun
BOMI1,Bomi,feminine noun
BONJOUR2,bonjour,interjection
BOPA1,Bopa,masculine noun
BOPI1,Bopi,masculine noun
BOTTER1,Botter,masculine noun
BOTZFRA1,Botzfra,feminine noun
BOTZMANN1,Botzmann,masculine noun
BOUF1,Bouf,masculine noun
BOUN1,Boun,feminine noun
BRASSERIE1,Brasserie,feminine noun
BRAUCHEN1,brauchen,verb
BRAUCHEN2,brauchen,modal verb
BRAUTPUER1,Brautpuer,neutral noun
BRAV1,brav,adjective
BREIFDREIER1,Bréifdréier,masculine noun
BREIFDREIESCH1,Bréifdréiesch,feminine noun
BREITCHEN1,Bréitchen,neutral noun
BRELL1,Brëll,masculine noun
BRENGEN1,bréngen,verb
BRODEN1,broden,verb
BRONG1,brong,adjective
BROUT1,Brout,neutral noun
BRUDDER1,Brudder,masculine noun
BUCH1,Buch,neutral noun
BURO1,Büro,masculine noun
BUS1,Bus,masculine noun
BUTTEK1,Buttek,masculine noun
CAISSIERE1,Caissière,feminine noun
CERTIFICAT1,Certificat,masculine noun
CHAMPIGNON1,Champignon,masculine noun
CHARCUTERIE1,Charcuterie,feminine noun
CHOMAGE1,Chômage,masculine noun
CHOUFLEUR1,Choufleur,masculine noun
CHRESCHT1,Chrëscht,masculine noun
CHRESCHTBEEMCHEN1,Chrëschtbeemchen,masculine noun
CHRESCHTDAG1,Chrëschtdag,masculine noun
CHRESCHTIN1,Chrëschtin,feminine noun
CHRESCHTMAART1,Chrëschtmaart,masculine noun
CLASSEUR1,Classeur,masculine noun
CLIENT1,Client,masculine noun
CLIENTE1,Cliente,feminine noun
COIFFER1,Coiffer,masculine noun
COIFFERSALON1,Coiffersalon,masculine noun
COIFFEUR1,Coiffeur,masculine noun
COIFFEURSSALON1,Coiffeurssalon,masculine noun
COIFFEUSE1,Coiffeuse,feminine noun
COMPTABEL1,Comptabel,masculine noun
COMPTABEL2,Comptabel,feminine noun
COMPUTER1,Computer,masculine noun
CONCERT1,Concert,masculine noun
COOL1,cool,adjective
CORTEGE1,Cortège,masculine noun
COURGETTE1,Courgette,feminine noun
COURS1,Cours,masculine noun
COUSIN1,Cousin,masculine noun
COUSINE1,Cousine,feminine noun
CRECHE1,Crèche,feminine noun
CROISSANT1,Croissant,masculine noun
DACKS1,dacks,adverb
DAERFEN1,däerfen,modal verb
DAG1,Dag,masculine noun
DANN2,dann,adverb
DAUEREN1,daueren,verb
DECK1,déck,adjective
DECKEN2,decken,verb
DEEG1,Deeg,masculine noun
DEIER2,deier,adjective
DEIERENDOKTER1,Déierendokter,masculine noun
DEIERENDOKTESCH1,Déierendoktesch,feminine noun
DENN1,dënn,adjective
DENSCHDEG1,Dënschdeg,masculine noun
DENSCHDES1,dënschdes,adverb
DEPPCHEN1,Dëppchen,neutral noun
DESCH1,Dësch,masculine noun
DESSERT1,Dessert,masculine noun
DEZEMBER1,Dezember,masculine noun
DIER1,Dier,feminine noun
DIREKT2,direkt,adverb
DIREKTER1,Direkter,masculine noun
DIREKTESCH1,Direktesch,feminine noun
DISKO1,Disko,feminine noun
DO1,do,adverb
DO6,Do,masculine noun
DOBAI1,dobäi,strong pronominal adverb
DOHEEM2,doheem,adverb
DOHEEMBLEIWEN1,doheembleiwen,verb
DOKTER1,Dokter,masculine noun
DOKTESCH1,Doktesch,feminine noun
DONNESCHDEG1,Donneschdeg,masculine noun
DONNESCHDES1,donneschdes,adverb
DONO1,dono,strong pronominal adverb
DOSEN1,Dosen,feminine noun
DOSSIER1,Dossier,masculine noun
DRAUF1,Drauf,feminine noun
DRECHEN1,dréchen,adjective
DRENKEN1,drénken,verb
DU1,du,adverb
DUECHTER1,Duechter,feminine noun
DUERCH3,duerch,preposition
DUERNO1,duerno,strong pronominal adverb
DUSCH1,Dusch,feminine noun
DUSCHEN1,duschen,verb
ECK1,Eck,masculine noun
EDUCATEUR1,Educateur,masculine noun
EDUCATRICE1,Educatrice,feminine noun
EE1,Ee,neutral noun
EEMOL1,eemol,adverb
ELEKTRIKER1,Elektriker,masculine noun
ELEKTRIKERIN1,Elektrikerin,feminine noun
ELENG1,eleng,adjective
ELLEN1,ellen,adjective
ELO1,elo,adverb
ELTEREN1,Elteren,noun
EMGEIGEND1,Ëmgéigend,feminine noun
EMMER1,ëmmer,adverb
EMPLOYE1,Employé,masculine noun
EMPLOYEE1,Employée,feminine noun
ENKEL1,Enkel,masculine noun
ENKELIN1,Enkelin,feminine noun
ENKELKAND1,Enkelkand,neutral noun
ENN1,Enn,neutral noun
ENN2,Ënn,feminine noun
ENTREE1,Entrée,feminine noun
EPPES1,eppes,indefinite pronoun
EREISCHT1,eréischt,adverb
ERWACHEN1,erwächen,verb
ESOU1,esou,adverb
ESTHETICIEN1,Estheticien,masculine noun
ESTHETICIENNE1,Estheticienne,feminine noun
EURO1,Euro,masculine noun
EWEI1,ewéi,conjunction
EXTRA3,extra,adverb
FAMILL1,Famill,feminine noun
FAMILLJENNUMM1,Familljennumm,masculine noun
FANKEN1,fänken,verb
FANNEN1,fannen,verb
FASTFOOD1,Fastfood,masculine noun
FEBRUAR1,Februar,masculine noun
FEIERDAG1,Feierdag,masculine noun
FEIEREN1,feieren,verb
FEIWER1,Féiwer,feminine/neutral noun
FESCH1,Fësch,masculine noun
FICHE1,Fiche,feminine noun
FIERWEN1,fierwen,verb
FILM1,Film,masculine noun
FINANZEN1,Finanzen,feminine noun
FIR2,fir,preposition
FIR3,fir,conjunction
FIRMA1,Firma,feminine noun
FIRWAT1,firwat,adverb
FIX1,fix,adjective
FLASCH1,Fläsch,feminine noun
FLEESCH1,Fleesch,neutral noun
FLIGER1,Fliger,masculine noun
FLOTT2,flott,adjective
FLOUMAART1,Floumaart,masculine noun
FOTO1,Foto,feminine noun
FOTOGRAF1,Fotograf,masculine noun
FOTOGRAFIN1,Fotografin,feminine noun
FRA1,Fra,feminine noun
FRAI1,fräi,adjective
FRAIHUNN1,fräihunn,verb
FRAIZAIT1,Fräizäit,feminine noun
FREIDEG1,Freideg,masculine noun
FREIDES1,freides,adverb
FREIJOER1,Fréijoer,neutral noun
FREND1,Frënd,masculine noun
FRENDIN1,Frëndin,feminine noun
FRITT1,Fritt,feminine noun
FROU1,frou,adjective
FUEREN1,fueren,verb
FUSSBALL1,Fussball,masculine noun
FUSSBALLSMATCH1,Fussballsmatch,masculine noun
GANZ1,ganz,adjective
GANZ2,ganz,adverb
GAR1,gär,adverb
GARAGE1,Garage,masculine/feminine noun
GEBEESS1,Gebeess,neutral noun
GEBIEREN1,gebieren,verb
GEBUERT1,Gebuert,feminine noun
GEBUERTSDAG1,Gebuertsdag,masculine noun
GEBUERTSDATUM1,Gebuertsdatum,masculine noun
GEDICHT1,Gedicht,neutral noun
GEDRENKS1,Gedrénks,neutral noun
GEI2,Gei,feminine noun
GEINT1,géint,preposition
GELIFT1,gelift,interjection
GEMEIS1,Geméis,neutral noun
GEMENG1,Gemeng,feminine noun
GENAU1,genau,adjective
GENEE1,genee,adjective
GENIAL1,genial,adjective
GEOGRAFESCH1,geografesch,adjective
GESCHEIEN1,geschéien,verb
GESCHWESTER1,Geschwëster,noun
GESELLSCHAFTSSPILL1,Gesellschaftsspill,neutral noun
GESOND1,gesond,adjective
GIEL1,giel,adjective
GINN1,ginn,verb
GINN4,ginn,verb
GLACE2,Glace,feminine noun
GLAICHFALLS1,gläichfalls,adverb
GLAS1,Glas,neutral noun
GOEN1,goen,verb
GOLDEG1,goldeg,adjective
GRAD1,Grad,masculine noun
GRAFF1,graff,adjective
GRAMM1,Gramm,masculine noun
GRENG1,gréng,adjective
GRING1,gring,adjective
GRIPP1,Gripp,feminine noun
GROMPER1,Gromper,feminine noun
GROMPEREKICHELCHEN1,Gromperekichelchen,masculine noun
GRONDSCHOUL1,Grondschoul,feminine noun
GROUSS2,grouss,adjective
GROUSSELTEREN1,Grousselteren,noun
GROUSSHERZOG1,Groussherzog,masculine noun
GROUSSHERZOGIN1,Groussherzogin,feminine noun
GROUSSMAMM1,Groussmamm,feminine noun
GROUSSPAPP1,Grousspapp,masculine noun
GRUPP1,Grupp,masculine/feminine noun
GUER1,guer,adverb
GUTT2,gutt,adjective
HAAPTMOLZECHT1,Haaptmolzecht,feminine noun
HAAPTPLAT1,Haaptplat,masculine noun
HAAPTSTAD1,Haaptstad,feminine noun
HALLEF1,hallef,adjective
HALS1,Hals,masculine noun
HAM1,Ham,feminine noun
HAMBURGER1,Hamburger,masculine noun
HANDY1,Handy,masculine noun
HANDYSNUMMER1,Handysnummer,feminine noun
HAR2,Här,masculine noun
HARIN1,Härin,feminine noun
HAUT1,haut,adverb
HAUTDESDAAGS1,hautdesdaags,adverb
HEEMFUEREN1,heemfueren,verb
HEESCHEN1,heeschen,verb
HEI1,hei,adverb
HEIANSDO1,heiansdo,adverb
HELLEFEN1,hëllefen,verb
HERNO1,herno,adverb
HIERSCHT1,Hierscht,masculine noun
HOCHZAIT1,Hochzäit,feminine noun
HOER1,Hoer,neutral noun
HOND1,Hond,masculine noun
HOTEL1,Hotel,masculine noun
HOUSCHT1,Houscht,masculine noun
HOUSEKER1,Houseker,masculine noun
HUELEN1,huelen,verb
HUNN1,hunn,verb
HUNN3,hunn,auxiliary verb
HUNNEG1,Hunneg,masculine noun
IDDI1,Iddi,feminine noun
IESSEN3,iessen,verb
IESSGEWUNNECHT1,Iessgewunnecht,feminine noun
IMMENS1,immens,adjective
IMMENS2,immens,adverb
INFIRMIER1,Infirmier,masculine noun
INFIRMIERE1,Infirmière,feminine noun
INFORMATIKER1,Informatiker,masculine noun
INFORMATIKERIN1,Informatikerin,feminine noun
INFORMATIOUN1,Informatioun,feminine noun
INTERESSANT1,interessant,adjective
IWWERSETZER1,Iwwersetzer,masculine noun
IWWERSETZERIN1,Iwwersetzerin,feminine noun
JANUAR1,Januar,masculine noun
JO1,jo,particle
JOER1,Joer,neutral noun
JOFFER1,Joffer,feminine noun
JONG1,Jong,masculine noun
JONGGESELL1,Jonggesell,masculine noun
JONGGESELLIN1,Jonggesellin,feminine noun
JONK1,jonk,adjective
JORESZAIT1,Joreszäit,feminine noun
JOURNALIST1,Journalist,masculine noun
JOURNALISTIN1,Journalistin,feminine noun
JUGURT1,Jugurt,masculine noun
JULI1,Juli,masculine noun
JUNI1,Juni,masculine noun
JUS1,Jus,masculine noun
JUST2,just,adverb
KAART1,Kaart,feminine noun
KACH1,Kach,masculine noun
KACHEN1,Kächen,feminine noun
KACHEN2,kachen,verb
KACHIN1,Kächin,feminine noun
KACHKEIS1,Kachkéis,masculine noun
KADDO1,Kaddo,masculine noun
KAERZ1,Käerz,feminine noun
KAFEN1,kafen,verb
KAFFI1,Kaffi,masculine noun
KAFFIDRENKEN1,Kaffidrénken,neutral noun
KAL1,kal,adjective
KAMELL1,Kamell,feminine noun
KAND1,Kand,neutral noun
KANNAPEE1,Kannapee,masculine noun
KANTIN1,Kantin,feminine noun
KAPP1,Kapp,masculine noun
KASCHTEN2,kaschten,verb
KAZ1,Kaz,feminine noun
KEEN1,keen,indefinite pronoun
KEESS1,Keess,feminine noun
KEESSJEE1,Keessjee,masculine noun
KEIER1,Kéier,feminine noun
KEIS1,Kéis,masculine noun
KENG3,keng,indefinite pronoun
KENNEN1,kënnen,modal verb
KENNEN3,kënnen,verb
KETCHUP1,Ketchup,masculine noun
KICHELCHEN1,Kichelchen,masculine noun
KIERMES1,Kiermes,feminine noun
KIISCHT1,Kiischt,feminine noun
KILO1,Kilo,masculine noun
KINO1,Kino,masculine noun
KIWI1,Kiwi,masculine/feminine noun
KLEESCHEN2,Kleeschen,masculine noun
KLEESERCHERSDAG1,Kleeserchersdag,masculine noun
KLENG1,kleng,adjective
KLINICK1,Klinick,feminine noun
KNATSCH1,Knätsch,masculine noun
KOMMEN1,kommen,verb
KOMPLETT1,komplett,adjective
KOMPLIZEIERT1,komplizéiert,adjective
KONTAKT1,Kontakt,masculine noun
KONTROLLEIEREN1,kontrolléieren,verb
KONVENIAT1,Konveniat,masculine noun
KOPPEL1,Koppel,feminine noun
KORNISCHONG1,Kornischong,feminine noun
KOSENG1,Koseng,masculine noun
KRANK1,krank,adjective
KRAUT1,Kraut,neutral noun
KREIEN2,kréien,verb
KUCH1,Kuch,masculine noun
KUCKEN1,kucken,verb
KUERZ1,kuerz,adjective
KURBIS1,Kürbis,masculine noun
KUSIN1,Kusin,feminine noun
KUSS1,Kuss,masculine noun
LAANG1,laang,adjective
LAFEN1,lafen,verb
LAFFEL1,Läffel,masculine noun
LAMPION1,Lampion,masculine noun
LANGWEILEG1,langweileg,adjective
LAUSCHTEREN1,lauschteren,verb
LEIEN2,leien,verb
LEIEREN2,léieren,verb
LEIERJONG1,Léierjong,masculine noun
LEIERMEEDCHEN1,Léiermeedchen,neutral noun
LEIF2,léif,adjective
LEIT1,Leit,noun
LEIWER1,léiwer,adverb
LETZEBUERGER2,Lëtzebuerger,unmodifiable adjective
LETZEBUERGESCH1,lëtzebuergesch,adjective
LETZEBUERGESCH2,Lëtzebuergesch,neutral noun
LIBLINGSIESSEN1,Liblingsiessen,neutral noun
LIBRAIRIE1,Librairie,feminine noun
LIDD1,Lidd,neutral noun
LIESEN1,liesen,verb
LIICHT1,liicht,adjective
LIICHTEN1,liichten,verb
LIICHTMESSDAG1,Liichtmëssdag,masculine noun
LITER1,Liter,masculine noun
LOFT1,Loft,feminine noun
LOFTBALLON1,Loftballon,masculine noun
LUES1,lues,adjective
LUTSCH1,Lutsch,feminine noun
LYCEE1,Lycée,masculine noun
MA1,mä,conjunction
MAACHEN1,maachen,verb
MAART1,Maart,masculine noun
MADAME1,Madame,feminine noun
MADAMM1,Madamm,feminine noun
MAERZ1,Mäerz,masculine noun
MAM2,mam,
MAMM1,Mamm,feminine noun
MAMMA1,Mamma,feminine noun
MAMMENDAG1,Mammendag,masculine noun
MANGO1,Mango,feminine noun
MANN1,Mann,masculine noun
MANNST1,mannst,indefinite pronoun
MARMERKUCH1,Marmerkuch,masculine noun
MAT1,mat,preposition
MATGOEN1,matgoen,verb
MATHUELEN1,mathuelen,verb
MAYONNAISE1,Mayonnaise,feminine noun
MECANICIEN1,Mecanicien,masculine noun
MECANICIENNE1,Mecanicienne,feminine noun
MEDIKAMENT1,Medikament,neutral noun
MEE1,Mee,masculine noun
MEE2,mee,conjunction
MEEDCHEN1,Meedchen,neutral noun
MEI1,méi,adverb
MEI3,méi,indefinite pronoun
MEINDEG1,Méindeg,masculine noun
MEINDES1,méindes,adverb
MELLECH1,Mëllech,feminine noun
MELOUN1,Meloun,feminine noun
MENGEN1,mengen,verb
MENU1,Menü,masculine noun
MERCI2,merci,interjection
MESCHEN1,mëschen,verb
METSCH1,Mëtsch,feminine noun
METT1,Mëtt,feminine noun
METTEG1,Mëtteg,masculine noun
METTEGIESSEN1,Mëttegiessen,neutral noun
METTES1,mëttes,adverb
METTESPAUS1,Mëttespaus,feminine noun
METTWOCH1,Mëttwoch,masculine noun
METTWOCHS1,mëttwochs,adverb
METTWURSCHT1,Mettwurscht,feminine noun
METZLER1,Metzler,masculine noun
METZLESCH1,Metzlesch,feminine noun
MICKYMAUS1,Mickymaus,feminine noun
MIDD1,midd,adjective
MIEL1,Miel,neutral noun
MIKROWELL1,Mikrowell,feminine noun
MINETT1,Minett,feminine noun
MINIGOLF1,Minigolf,masculine noun
MINUS3,minus,adverb
MINUTT1,Minutt,feminine noun
MOIEN1,Moien,masculine noun
MOIEN2,moien,interjection
MOIES1,moies,adverb
MOL1,Mol,neutral noun
MOLEN1,molen,verb
MOLZECHT1,Molzecht,feminine noun
MOMENT1,Moment,masculine noun
MONITEUR1,Moniteur,masculine noun
MONITRICE1,Monitrice,feminine noun
MONNI1,Monni,masculine noun
MONSIEUR1,Monsieur,masculine noun
MOTO1,Moto,masculine noun
MOUNT1,Mount,masculine noun
MUER1,muer,adverb
MUERT1,Muert,feminine noun
MUSEE1,Musée,masculine noun
MUSEK1,Musek,feminine noun
MUSEKER1,Museker,masculine noun
MUSEKERIN1,Musekerin,feminine noun
MUSKAT1,Muskat,masculine noun
MUSKOT1,Muskot,masculine noun
MUSLI1,Müsli,masculine noun
MUSSEN1,mussen,modal verb
MUUSLI1,Müüsli,masculine noun
NACH1,nach,adverb
NATIERLECH2,natierlech,adverb
NATIONALFEIERDAG1,Nationalfeierdag,proper noun
NEE1,nee,particle
NEI1,nei,adjective
NEMMEN1,nëmmen,adverb
NET1,net,particle
NEVEU1,Neveu,masculine noun
NIESS1,Niess,feminine noun
NIWWELEG1,niwweleg,adjective
NO1,no,preposition
NOMETTES1,nomëttes,adverb
NOPER1,Noper,masculine noun
NOPESCH1,Nopesch,feminine noun
NORDEN1,Norden,masculine noun
NORIICHT1,Noriicht,feminine noun
NORMALERWEIS1,normalerweis,adverb
NOSS1,Noss,feminine noun
NOTEIEREN1,notéieren,verb
NOVEMBER1,November,masculine noun
NUDDEL1,Nuddel,feminine noun
NUECHT1,Nuecht,feminine noun
NUECHTIESSEN1,Nuechtiessen,neutral noun
NUES1,Nues,feminine noun
NUMM1,Numm,masculine noun
NUMMER1,Nummer,feminine noun
O1,o,interjection
OCH1,och,adverb
ODER2,oder,conjunction
OFFIZIELL1,offiziell,adjective
OFSCHMAACHEN1,ofschmaachen,verb
OFT1,oft,adverb
OK1,ok,particle
OKTOBER1,Oktober,masculine noun
OLIVENUELEG1,Olivenueleg,masculine noun
ONSERIO1,onseriö,adjective
ONSPORTLECH1,onsportlech,adjective
ONSYMPATHESCH1,onsympathesch,adjective
OP2,op,preposition
OPHALEN1,ophalen,verb
ORANGE1,Orange,feminine noun
OSTEN1,Osten,masculine noun
OUER1,Ouer,neutral noun
OUSCHTEREN2,Ouschteren,neutral noun
OWEND1,Owend,masculine noun
OWES1,owes,adverb
PACSEN1,pacsen,verb
PAISCHTMEINDEG1,Päischtméindeg,masculine noun
PAISCHTSONNDEG1,Päischtsonndeg,masculine noun
PAK1,Pak,masculine noun
PAN1,Pan,feminine noun
PAPP1,Papp,masculine noun
PAPPENDAG1,Pappendag,masculine noun
PAPRIKA2,Paprika,masculine/feminine noun
PASCHTEIT1,Paschtéit,feminine noun
PASTILL1,Pastill,feminine noun
PATIENT1,Patient,masculine noun
PATIENTIN1,Patientin,feminine noun
PEFFER1,Peffer,masculine noun
PERSOUN1,Persoun,feminine noun
PETZI1,Petzi,masculine noun
PICKNICKEN1,picknicken,verb
PILOT1,Pilot,masculine noun
PILOTIN1,Pilotin,feminine noun
PIZZA1,Pizza,feminine noun
PLAGE1,Plage,feminine noun
PLAT1,Plat,masculine noun
PLATTDRECKEN1,plattdrécken,verb
PLENNEREN2,plënneren,verb
POLICEBURO1,Policebüro,masculine noun
POLIZIST1,Polizist,masculine noun
POLIZISTIN1,Polizistin,feminine noun
POND1,Pond,neutral noun
PORRETT1,Porrett,feminine noun
PORTO1,Porto,masculine noun
POSTKAART1,Postkaart,feminine noun
PRAKTESCH1,praktesch,adjective
PRAXIS1,Praxis,feminine noun
PREPAREIEREN1,preparéieren,verb
PRESENTEIEREN1,presentéieren,verb
PRIMARSCHOUL1,Primärschoul,feminine noun
PRO1,pro,preposition
PROBLEM1,Problem,masculine noun
PROFF1,Proff,masculine noun
PUER2,puer,indefinite pronoun
PUPPELCHEN1,Puppelchen,masculine noun
QUETSCH1,Quetsch,feminine noun
RAIS1,Räis,masculine noun
RAM1,Ram,masculine/feminine noun
RAPPEN4,rappen,verb
RAYON1,Rayon,masculine noun
RECEPTIONNIST1,Receptionnist,masculine noun
RECEPTIONNISTIN1,Receptionnistin,feminine noun
RECHNUNG1,Rechnung,feminine noun
RECK1,Réck,masculine noun
REENEN1,reenen,verb
REGIOUN1,Regioun,feminine noun
REI1,réi,adjective
REKLAMM1,Reklamm,feminine noun
RELATIV1,relativ,adverb
RELAX1,relax,adjective
RELIEIS1,reliéis,adjective
RENDEZVOUS1,Rendez-vous,masculine noun
RENSEIGNEMENT2,Renseignement,masculine noun
REPAREIEREN1,reparéieren,verb
RESTAURANT1,Restaurant,masculine noun
REZEPT1,Rezept,neutral noun
RICHTEG1,richteg,adjective
RIICHTER1,Riichter,masculine noun
RIICHTERIN1,Riichterin,feminine noun
ROUT1,rout,adjective
RUTT1,Rutt,feminine noun
SAACH1,Saach,feminine noun
SAFTEG1,säfteg,adjective
SAIT1,Säit,feminine noun
SALZ1,Salz,neutral noun
SAMMELEN1,sammelen,verb
SAMSCHDEG1,Samschdeg,masculine noun
SAMSCHDES1,samschdes,adverb
SANGEN1,sangen,verb
SAUER1,sauer,adjective
SAUMON1,Saumon,masculine noun
SCAMPI1,Scampi,masculine noun
SCHAFFEN3,schaffen,verb
SCHAUSPILLER1,Schauspiller,masculine noun
SCHAUSPILLERIN1,Schauspillerin,feminine noun
SCHEIN1,schéin,adjective
SCHI1,Schi,masculine noun
SCHICK1,schick,adjective
SCHIELEN1,schielen,verb
SCHLITT1,Schlitt,masculine noun
SCHLITTSCHONG1,Schlittschong,masculine noun
SCHLITTSCHUNG1,Schlittschung,masculine noun
SCHLOFEN1,schlofen,verb
SCHMAACHEN1,schmaachen,verb
SCHMIER2,Schmier,feminine noun
SCHNAPP1,Schnapp,masculine noun
SCHNAUZ1,Schnauz,masculine noun
SCHNECK1,Schneck,feminine noun
SCHNEIDEN1,schneiden,verb
SCHNEIEN1,schneien,verb
SCHOCKELA2,Schockela,masculine noun
SCHOCKELASMELLECH1,Schockelasmëllech,feminine noun
SCHOCKELASRULL1,Schockelasrull,feminine noun
SCHONN1,schonn,adverb
SCHOUL1,Schoul,feminine noun
SCHREIWEN1,schreiwen,verb
SCHULER1,Schüler,masculine noun
SCHULERIN1,Schülerin,feminine noun
SCHWAARZ1,schwaarz,adjective
SCHWAMM1,Schwämm,feminine noun
SCHWAMMEN1,schwammen,verb
SCHWATZEN1,schwätzen,verb
SCHWESTER1,Schwëster,feminine noun
SEIER2,séier,adverb
SEISS1,séiss,adjective
SEKRETAR1,Sekretär,masculine noun
SEKRETARIN1,Sekretärin,feminine noun
SENGEN2,sengen,verb
SEPTEMBER1,September,masculine noun
SERIO1,seriö,adjective
SERVICE1,Service,masculine noun
SHOPPEN1,shoppen,verb
SICHEN1,sichen,verb
SINN1,sinn,verb
SINN2,sinn,auxiliary verb
SIROP1,Sirop,masculine noun
SOLLEN1,sollen,modal verb
SONNDEG1,Sonndeg,masculine noun
SONNDES1,sonndes,adverb
SONNEG1,sonneg,adjective
SOSS1,soss,adverb
SPADSEIEREN1,spadséieren,verb
SPARGEL1,Spargel,feminine noun
SPEZIALITEIT1,Spezialitéit,feminine noun
SPILLEN1,spillen,verb
SPILLSCHOUL1,Spillschoul,feminine noun
SPORT1,Sport,masculine noun
SPORTLECH1,sportlech,adjective
SPORTLER1,Sportler,masculine noun
SPORTLERIN1,Sportlerin,feminine noun
SPORTSHAL1,Sportshal,feminine noun
SPRANGEN1,sprangen,verb
SPROOCH1,Sprooch,feminine noun
SPROOCHECOURS1,Sproochecours,masculine noun
SPRUDDELWAASSER1,Spruddelwaasser,neutral noun
STAD1,Stad,feminine noun
STAU1,Stau,masculine noun
STAUBSAUGEN1,staubsaugen,verb
STECK1,Stéck,neutral noun
STEEMETZER1,Steemetzer,masculine noun
STEEMETZESCH1,Steemetzesch,feminine noun
STEMMEN1,stëmmen,verb
STIERWEN2,stierwen,verb
STOEN1,stoen,verb
STONN1,Stonn,feminine noun
STOT1,Stot,masculine noun
STREISEL1,Streisel,masculine noun
STROOSS1,Strooss,feminine noun
STUDEIEREN1,studéieren,verb
STUDENT1,Student,masculine noun
STUDENTIN1,Studentin,feminine noun
STUDIO1,Studio,masculine noun
STULL1,Stull,masculine noun
SUDEN1,Süden,masculine noun
SUMMER1,Summer,masculine noun
SUPERMARCHE1,Supermarché,masculine noun
SYMPATHESCH1,sympathesch,adjective
TAART1,Taart,feminine noun
TAASS1,Taass,feminine noun
TANKEN1,tanken,verb
TANKSTELL1,Tankstell,feminine noun
TATTA1,Tatta,feminine noun
TAXI1,Taxi,masculine noun
TEI1,Téi,masculine noun
TELEE1,Tëlee,feminine noun
TELEFON1,Telefon,masculine noun
TELEFONSNUMMER1,Telefonsnummer,feminine noun
TESCHENT1,tëschent,preposition
THEATER1,Theater,masculine noun
THERMOMETER1,Thermometer,masculine noun
THON1,Thon,masculine noun
TIMBER1,Timber,masculine noun
TIPPTOPP1,tipptopp,adjective
TOMAT1,Tomat,feminine noun
TOMATENZOPP1,Tomatenzopp,feminine noun
TOUR1,Tour,masculine noun
TOURISTESCH1,touristesch,adjective
TRADITIONELL1,traditionell,adjective
TRAFICK1,Trafick,masculine noun
TRAINEIEREN1,trainéieren,verb
TRAITEUR1,Traiteur,masculine noun
TRAITEUSE1,Traiteuse,feminine noun
TRANCHE1,Tranche,feminine noun
TUB1,Tüb,masculine/feminine noun
TUT3,Tut,feminine noun
UEBST1,Uebst,neutral noun
UELEG1,Ueleg,masculine noun
UFANK1,Ufank,masculine noun
UFANKEN1,ufänken,verb
UM1,um,
UM2,um,preposition
UMELLEN1,umellen,verb
UNI1,Uni,feminine noun
USTRAICHER1,Usträicher,masculine noun
USTRAICHERIN1,Usträicherin,feminine noun
VAKANZ1,Vakanz,feminine noun
VEGETARIER1,Vegetarier,masculine noun
VEGETARIERIN1,Vegetarierin,feminine noun
VEIEREL1,Véierel,masculine noun
VELO1,Vëlo,masculine noun
VERBINDUNG1,Verbindung,feminine noun
VERGIESSEN1,vergiessen,verb
VERKAFEN1,verkafen,verb
VERKEEFER1,Verkeefer,masculine noun
VERKEEFERIN1,Verkeeferin,feminine noun
VILL1,vill,adverb
VILL2,vill,indefinite pronoun
VILLMOOLS1,villmools,adverb
VIR3,vir,preposition
VIRDRUN1,virdrun,adverb
VIRNUMM1,Virnumm,masculine noun
VIRWAL1,Virwal,feminine noun
VUM1,vum,
VUN1,vun,preposition
WAARDEN1,waarden,verb
WAARM1,waarm,adjective
WAASSER2,Waasser,neutral noun
WAERTEN1,wäerten,modal verb
WAIN1,Wäin,masculine noun
WAISS1,wäiss,adjective
WAIT1,wäit,adjective
WANNECHGELIFT1,wannechgelift,particle
WANTER1,Wanter,masculine noun
WANTERSPORT1,Wantersport,masculine noun
WASCHEN1,wäschen,verb
WAT1,wat,interrogative pronoun
WAT3,wat,conjunction
WEEKEND1,Weekend,masculine noun
WEI2,wéi,conjunction
WEI3,wéi,interrogative pronoun
WEI8,wéi,conjunction
WEINI1,wéini,adverb
WEISEN1,weisen,verb
WELLEN1,wëllen,verb
WELLEN3,wëllen,modal verb
WESSEN2,wëssen,verb
WESTEN1,Westen,masculine noun
WICHTEG1,wichteg,adjective
WIDDERHUELEN1,widderhuelen,verb
WIEDER1,Wieder,neutral noun
WIEM1,wiem,interrogative pronoun
WIEN1,wien,interrogative pronoun
WOCH1,Woch,feminine noun
WOU1,wou,adverb
WUER2,wuer,adverb
WUNNEN1,wunnen,verb
ZAIT1,Zäit,feminine noun
ZALOT1,Zalot,feminine noun
ZANNDOKTER1,Zänndokter,masculine noun
ZANNDOKTESCH1,Zänndoktesch,feminine noun
ZANNSEEF1,Zännseef,feminine noun
ZANT1,Zant,masculine noun
ZANTER1,zanter,preposition
ZEIDEG1,zeideg,adjective
ZEITUNG2,Zeitung,feminine noun
ZEITUNGSBUTTEK1,Zeitungsbuttek,masculine noun
ZENTER1,zënter,preposition
ZENTILITER1,Zentiliter,masculine noun
ZENTRUM1,Zentrum,masculine noun
ZESUMMEN1,zesummen,adverb
ZIGARETT1,Zigarett,feminine noun
ZITROUN1,Zitroun,feminine noun
ZOOSSISS1,Zoossiss,feminine noun
ZOPP1,Zopp,feminine noun
ZORT1,Zort,feminine noun
ZU1,zu,preposition
ZUCH1,Zuch,masculine noun
ZUM1,zum,

